/*
Navicat MySQL Data Transfer

Source Server         : phpstudy-localhost
Source Server Version : 50540
Source Host           : localhost:3306
Source Database       : ziiho

Target Server Type    : MYSQL
Target Server Version : 50540
File Encoding         : 65001

Date: 2015-05-31 20:23:34
*/

SET FOREIGN_KEY_CHECKS=0;

-- ----------------------------
-- Table structure for cs_muban_category
-- ----------------------------
DROP TABLE IF EXISTS `cs_muban_category`;
CREATE TABLE `cs_muban_category` (
  `cid` int(11) NOT NULL AUTO_INCREMENT COMMENT '模板分类id',
  `cname` varchar(255) COLLATE utf8_unicode_ci NOT NULL COMMENT '模板分类名称',
  PRIMARY KEY (`cid`)
) ENGINE=MyISAM AUTO_INCREMENT=4 DEFAULT CHARSET=utf8 COLLATE=utf8_unicode_ci;

-- ----------------------------
-- Records of cs_muban_category
-- ----------------------------
INSERT INTO `cs_muban_category` VALUES ('1', '其他');
INSERT INTO `cs_muban_category` VALUES ('2', '测试');

-- ----------------------------
-- Table structure for cs_muban_html
-- ----------------------------
DROP TABLE IF EXISTS `cs_muban_html`;
CREATE TABLE `cs_muban_html` (
  `hid` int(11) NOT NULL AUTO_INCREMENT,
  `mbid` int(11) NOT NULL,
  `hcontent` text COLLATE utf8_unicode_ci NOT NULL,
  PRIMARY KEY (`hid`)
) ENGINE=MyISAM DEFAULT CHARSET=utf8 COLLATE=utf8_unicode_ci;

-- ----------------------------
-- Records of cs_muban_html
-- ----------------------------

-- ----------------------------
-- Table structure for cs_muban_intention
-- ----------------------------
DROP TABLE IF EXISTS `cs_muban_intention`;
CREATE TABLE `cs_muban_intention` (
  `iid` int(11) NOT NULL AUTO_INCREMENT COMMENT '求职意向id',
  `iname` varchar(255) COLLATE utf8_unicode_ci NOT NULL COMMENT '求职意向描述',
  PRIMARY KEY (`iid`)
) ENGINE=MyISAM AUTO_INCREMENT=35 DEFAULT CHARSET=utf8 COLLATE=utf8_unicode_ci;

-- ----------------------------
-- Records of cs_muban_intention
-- ----------------------------
INSERT INTO `cs_muban_intention` VALUES ('1', '保险');
INSERT INTO `cs_muban_intention` VALUES ('2', '材料');
INSERT INTO `cs_muban_intention` VALUES ('3', '财务');
INSERT INTO `cs_muban_intention` VALUES ('4', '电气');
INSERT INTO `cs_muban_intention` VALUES ('5', '电商');
INSERT INTO `cs_muban_intention` VALUES ('6', '电子');
INSERT INTO `cs_muban_intention` VALUES ('7', '化工');
INSERT INTO `cs_muban_intention` VALUES ('8', '会展');
INSERT INTO `cs_muban_intention` VALUES ('9', '机械');
INSERT INTO `cs_muban_intention` VALUES ('10', '记者');
INSERT INTO `cs_muban_intention` VALUES ('11', '教师');
INSERT INTO `cs_muban_intention` VALUES ('12', '客服');
INSERT INTO `cs_muban_intention` VALUES ('13', '猎头');
INSERT INTO `cs_muban_intention` VALUES ('14', '律师');
INSERT INTO `cs_muban_intention` VALUES ('15', '人力');
INSERT INTO `cs_muban_intention` VALUES ('16', '软件');
INSERT INTO `cs_muban_intention` VALUES ('17', '生物');
INSERT INTO `cs_muban_intention` VALUES ('18', '市场');
INSERT INTO `cs_muban_intention` VALUES ('19', '通信');
INSERT INTO `cs_muban_intention` VALUES ('20', '通用');
INSERT INTO `cs_muban_intention` VALUES ('21', '投行');
INSERT INTO `cs_muban_intention` VALUES ('22', '土木');
INSERT INTO `cs_muban_intention` VALUES ('23', '外贸');
INSERT INTO `cs_muban_intention` VALUES ('24', '物流');
INSERT INTO `cs_muban_intention` VALUES ('25', '销售');
INSERT INTO `cs_muban_intention` VALUES ('26', '行政');
INSERT INTO `cs_muban_intention` VALUES ('27', '医护');
INSERT INTO `cs_muban_intention` VALUES ('28', '艺术');
INSERT INTO `cs_muban_intention` VALUES ('29', '音乐');
INSERT INTO `cs_muban_intention` VALUES ('30', '银行');
INSERT INTO `cs_muban_intention` VALUES ('31', '影视');
INSERT INTO `cs_muban_intention` VALUES ('32', '证券');
INSERT INTO `cs_muban_intention` VALUES ('33', '制药');
INSERT INTO `cs_muban_intention` VALUES ('34', '咨询');

-- ----------------------------
-- Table structure for cs_muban_language
-- ----------------------------
DROP TABLE IF EXISTS `cs_muban_language`;
CREATE TABLE `cs_muban_language` (
  `lid` int(11) NOT NULL AUTO_INCREMENT COMMENT '模板语言id',
  `lname` varchar(255) COLLATE utf8_unicode_ci NOT NULL COMMENT '模板语言名称',
  PRIMARY KEY (`lid`)
) ENGINE=MyISAM AUTO_INCREMENT=3 DEFAULT CHARSET=utf8 COLLATE=utf8_unicode_ci;

-- ----------------------------
-- Records of cs_muban_language
-- ----------------------------
INSERT INTO `cs_muban_language` VALUES ('1', '中文');
INSERT INTO `cs_muban_language` VALUES ('2', '英文');

-- ----------------------------
-- Table structure for cs_muban_muban
-- ----------------------------
DROP TABLE IF EXISTS `cs_muban_muban`;
CREATE TABLE `cs_muban_muban` (
  `mbid` int(11) NOT NULL AUTO_INCREMENT,
  `mbname` varchar(255) COLLATE utf8_unicode_ci NOT NULL COMMENT '模板名称',
  `mbimg` varchar(255) COLLATE utf8_unicode_ci NOT NULL COMMENT '模板图片地址',
  `mbsmallimg` varchar(255) COLLATE utf8_unicode_ci NOT NULL COMMENT '模板缩略图图片地址',
  `mbtrait` varchar(255) COLLATE utf8_unicode_ci NOT NULL COMMENT '模板特点',
  `iid` int(11) NOT NULL COMMENT '关联cs_muban_intention求职意向中的id',
  `tid` int(11) NOT NULL COMMENT '关联cs_muban_type模板类型中的id',
  `lid` int(11) NOT NULL COMMENT '关联cs_muban_language模板语言中的id',
  `cid` int(11) NOT NULL COMMENT '关联cs_muban_category模板分类中的id',
  `mbcount` int(11) NOT NULL DEFAULT '0' COMMENT '模板使用量',
  PRIMARY KEY (`mbid`)
) ENGINE=MyISAM AUTO_INCREMENT=3 DEFAULT CHARSET=utf8 COLLATE=utf8_unicode_ci;

-- ----------------------------
-- Records of cs_muban_muban
-- ----------------------------
INSERT INTO `cs_muban_muban` VALUES ('1', '农艺师（销售推广）英文简历模板（应届生初级岗位）', '/image/f/g/2.png', '/image/f/g/1.jpg', '适合应届生（农科、市场营销相关专业），应聘农艺师（销售推广方向）出击岗位中文简历模板|黑白简历模板', '25', '1', '1', '1', '5');
INSERT INTO `cs_muban_muban` VALUES ('2', 'web前端简历模板', '/image/f/g/2.png', '/image/f/g/1.jpg', '适合应届生（农科、市场营销相关专业），应聘农艺师（销售推广方向）出击岗位中文简历模板|黑白简历模板', '2', '2', '2', '2', '13');

-- ----------------------------
-- Table structure for cs_muban_save
-- ----------------------------
DROP TABLE IF EXISTS `cs_muban_save`;
CREATE TABLE `cs_muban_save` (
  `id` int(11) NOT NULL AUTO_INCREMENT,
  `uid` int(11) NOT NULL COMMENT '用户ID',
  `mbid` int(11) NOT NULL COMMENT '模板ID',
  `name` varchar(255) COLLATE utf8_unicode_ci NOT NULL COMMENT '简历名称',
  `content` text COLLATE utf8_unicode_ci NOT NULL COMMENT '简历内容',
  `time` int(11) NOT NULL COMMENT '创建时间',
  PRIMARY KEY (`id`)
) ENGINE=MyISAM AUTO_INCREMENT=16 DEFAULT CHARSET=utf8 COLLATE=utf8_unicode_ci;

-- ----------------------------
-- Records of cs_muban_save
-- ----------------------------
INSERT INTO `cs_muban_save` VALUES ('1', '0', '0', '1', '2222', '0');
INSERT INTO `cs_muban_save` VALUES ('2', '0', '0', '1', '2222', '0');
INSERT INTO `cs_muban_save` VALUES ('3', '9', '2', 'web前端简历模板', '\n                <div class=\"use\">\n                    <div class=\"use-title\">\n                        <div class=\"use-title-left\">\n                            <input class=\"use-ipt use-title-left-1\" placeholder=\"乔小堂\" type=\"text\"><br>\n                            <input class=\"use-ipt use-title-left-2\" placeholder=\"求职意向：农艺师（销售推广）\" type=\"text\"><br>\n                            <input class=\"use-ipt use-title-left-3\" placeholder=\"上海乔布区乔东路123弄67号\" type=\"text\"><br>\n                            <input class=\"use-ipt use-title-left-3\" placeholder=\"service@qiaobutang.com\" type=\"text\"><br>\n                            <input class=\"use-ipt use-title-left-3\" placeholder=\"(+86)138-0013-8000\" type=\"text\"><br>\n                        </div>\n                        <div class=\"use-title-right\">\n                            <label for=\"use-img\">请上传1寸证件照</label>\n                            <input class=\"jianli-ipt\" id=\"use-img\" type=\"file\">\n                        </div>\n                    </div>\n                    <!-- //use-content -->\n                    <div class=\"use-content\">\n                        <div class=\"use-content-div\">\n                            <input class=\"use-content-title\" placeholder=\"教育背景\" type=\"text\">\n                            <div class=\"use-content-with\">\n                                <div class=\"use-content-1\">\n                                    <input class=\"use-ipt use-content-ipt use-content-ipt-1\" placeholder=\"2011.09-2014.06\" type=\"text\">\n                                    <input class=\"use-ipt use-content-ipt use-content-ipt-2\" placeholder=\"乔布大学\" type=\"text\">\n                                    <input class=\"use-ipt use-content-ipt use-content-ipt-2\" placeholder=\"园林专业\" type=\"text\">\n                                    <input class=\"use-ipt use-content-ipt use-content-ipt-2\" placeholder=\"大专\" type=\"text\">\n                                </div>\n                                <div class=\"use-content-2\">\n                                    <textarea class=\"use-text\" rows=\"5\" cols=\"20\">- 大学课程奖学金三等奖（2013.11）\n                                    </textarea>\n                                </div>\n                            </div>\n                        </div>\n\n                        <div class=\"use-content-div\">\n                            <input class=\"use-content-title\" placeholder=\"销售经历\" type=\"text\">\n                            <div class=\"use-content-with\">\n                                <div class=\"use-content-1\">\n                                    <input class=\"use-ipt use-content-ipt use-content-ipt-1\" placeholder=\"2012.06-2013.09\" type=\"text\">\n                                    <input class=\"use-ipt use-content-ipt use-content-ipt-2\" placeholder=\"乔布农业技术公司\" type=\"text\">\n                                    <input class=\"use-ipt use-content-ipt use-content-ipt-2\" placeholder=\"\" type=\"text\">\n                                    <input class=\"use-ipt use-content-ipt use-content-ipt-2\" placeholder=\"销售推广员\" type=\"text\">\n                                </div>\n                                <div class=\"use-content-2\">\n                                        <textarea class=\"use-text\" rows=\"5\" cols=\"20\" wrap=\"hard\">- 下乡到农户家中调查水稻病毒，并推广公司产品（肥料)\n                                        </textarea>\n                                </div>\n                            </div>\n                        </div>\n\n                        <div class=\"use-content-div\">\n                            <input class=\"use-content-title\" placeholder=\"农业相关经历\" type=\"text\">\n                            <!-- 含有标题即 input 框-->\n                            <div class=\"use-content-with\">\n                                <div class=\"use-content-1\">\n                                    <input class=\"use-ipt use-content-ipt use-content-ipt-1\" placeholder=\"2011.11-2011.12\" type=\"text\">\n                                    <input class=\"use-ipt use-content-ipt use-content-ipt-2\" placeholder=\"乔布群芳园艺铺有限公司\" type=\"text\">\n                                    <input class=\"use-ipt use-content-ipt use-content-ipt-2\" placeholder=\"\" type=\"text\">\n                                    <input class=\"use-ipt use-content-ipt use-content-ipt-2\" placeholder=\"培育技术员助理\" type=\"text\">\n                                </div>\n                                <div class=\"use-content-2\">\n                                        <textarea class=\"use-text\" rows=\"3\" cols=\"20\">- 协助技术员进行植物组织培养工作，主要关于花药培养和报春器官培养，报春已实现用叶柄培养出植物\n                                        </textarea>\n                                </div>\n                            </div>\n                        </div>\n                        <div class=\"use-content-div\">\n                            <input class=\"use-content-title\" placeholder=\"技能证书\" type=\"text\">\n                            <div class=\"use-content-nowith\">\n                                <div class=\"use-content-2\">\n                                        <textarea class=\"use-text\" rows=\"3\" cols=\"20\">中级植保工证书\n                                        </textarea>\n                                </div>\n                            </div>\n                        </div>\n                        <div class=\"use-content-div\">\n                            <input class=\"use-content-title\" placeholder=\"兴趣爱好\" type=\"text\">\n                            <!-- 不含有标题即 input 框-->\n                            <div class=\"use-content-nowith\">\n                                <div class=\"use-content-2\">\n                                        <textarea class=\"use-text\" rows=\"3\" cols=\"20\">阅读，浏览新闻                                        </textarea>\n                                </div>\n                            </div>\n                        </div>\n\n                    </div>\n                    <!-- use-content// -->\n                </div>\n\n            ', '1433072660');
INSERT INTO `cs_muban_save` VALUES ('4', '9', '2', 'web前端简历模板', '\n                <div class=\"use\">\n                    <div class=\"use-title\">\n                        <div class=\"use-title-left\">\n                            <input class=\"use-ipt use-title-left-1\" placeholder=\"乔小堂\" type=\"text\"><br>\n                            <input class=\"use-ipt use-title-left-2\" placeholder=\"求职意向：农艺师（销售推广）\" type=\"text\"><br>\n                            <input class=\"use-ipt use-title-left-3\" placeholder=\"上海乔布区乔东路123弄67号\" type=\"text\"><br>\n                            <input class=\"use-ipt use-title-left-3\" placeholder=\"service@qiaobutang.com\" type=\"text\"><br>\n                            <input class=\"use-ipt use-title-left-3\" placeholder=\"(+86)138-0013-8000\" type=\"text\"><br>\n                        </div>\n                        <div class=\"use-title-right\">\n                            <label for=\"use-img\">请上传1寸证件照</label>\n                            <input class=\"jianli-ipt\" id=\"use-img\" type=\"file\">\n                        </div>\n                    </div>\n                    <!-- //use-content -->\n                    <div class=\"use-content\">\n                        <div class=\"use-content-div\">\n                            <input class=\"use-content-title\" placeholder=\"教育背景\" type=\"text\">\n                            <div class=\"use-content-with\">\n                                <div class=\"use-content-1\">\n                                    <input class=\"use-ipt use-content-ipt use-content-ipt-1\" placeholder=\"2011.09-2014.06\" type=\"text\">\n                                    <input class=\"use-ipt use-content-ipt use-content-ipt-2\" placeholder=\"乔布大学\" type=\"text\">\n                                    <input class=\"use-ipt use-content-ipt use-content-ipt-2\" placeholder=\"园林专业\" type=\"text\">\n                                    <input class=\"use-ipt use-content-ipt use-content-ipt-2\" placeholder=\"大专\" type=\"text\">\n                                </div>\n                                <div class=\"use-content-2\">\n                                    <textarea class=\"use-text\" rows=\"5\" cols=\"20\">- 大学课程奖学金三等奖（2013.11）\n                                    </textarea>\n                                </div>\n                            </div>\n                        </div>\n\n                        <div class=\"use-content-div\">\n                            <input class=\"use-content-title\" placeholder=\"销售经历\" type=\"text\">\n                            <div class=\"use-content-with\">\n                                <div class=\"use-content-1\">\n                                    <input class=\"use-ipt use-content-ipt use-content-ipt-1\" placeholder=\"2012.06-2013.09\" type=\"text\">\n                                    <input class=\"use-ipt use-content-ipt use-content-ipt-2\" placeholder=\"乔布农业技术公司\" type=\"text\">\n                                    <input class=\"use-ipt use-content-ipt use-content-ipt-2\" placeholder=\"\" type=\"text\">\n                                    <input class=\"use-ipt use-content-ipt use-content-ipt-2\" placeholder=\"销售推广员\" type=\"text\">\n                                </div>\n                                <div class=\"use-content-2\">\n                                        <textarea class=\"use-text\" rows=\"5\" cols=\"20\" wrap=\"hard\">- 下乡到农户家中调查水稻病毒，并推广公司产品（肥料)\n                                        </textarea>\n                                </div>\n                            </div>\n                        </div>\n\n                        <div class=\"use-content-div\">\n                            <input class=\"use-content-title\" placeholder=\"农业相关经历\" type=\"text\">\n                            <!-- 含有标题即 input 框-->\n                            <div class=\"use-content-with\">\n                                <div class=\"use-content-1\">\n                                    <input class=\"use-ipt use-content-ipt use-content-ipt-1\" placeholder=\"2011.11-2011.12\" type=\"text\">\n                                    <input class=\"use-ipt use-content-ipt use-content-ipt-2\" placeholder=\"乔布群芳园艺铺有限公司\" type=\"text\">\n                                    <input class=\"use-ipt use-content-ipt use-content-ipt-2\" placeholder=\"\" type=\"text\">\n                                    <input class=\"use-ipt use-content-ipt use-content-ipt-2\" placeholder=\"培育技术员助理\" type=\"text\">\n                                </div>\n                                <div class=\"use-content-2\">\n                                        <textarea class=\"use-text\" rows=\"3\" cols=\"20\">- 协助技术员进行植物组织培养工作，主要关于花药培养和报春器官培养，报春已实现用叶柄培养出植物\n                                        </textarea>\n                                </div>\n                            </div>\n                        </div>\n                        <div class=\"use-content-div\">\n                            <input class=\"use-content-title\" placeholder=\"技能证书\" type=\"text\">\n                            <div class=\"use-content-nowith\">\n                                <div class=\"use-content-2\">\n                                        <textarea class=\"use-text\" rows=\"3\" cols=\"20\">中级植保工证书\n                                        </textarea>\n                                </div>\n                            </div>\n                        </div>\n                        <div class=\"use-content-div\">\n                            <input class=\"use-content-title\" placeholder=\"兴趣爱好\" type=\"text\">\n                            <!-- 不含有标题即 input 框-->\n                            <div class=\"use-content-nowith\">\n                                <div class=\"use-content-2\">\n                                        <textarea class=\"use-text\" rows=\"3\" cols=\"20\">阅读，浏览新闻                                        </textarea>\n                                </div>\n                            </div>\n                        </div>\n\n                    </div>\n                    <!-- use-content// -->\n                </div>\n\n            ', '1433072885');
INSERT INTO `cs_muban_save` VALUES ('5', '9', '2', 'web前端简历模板', '\n                <div class=\"use\">\n                    <div class=\"use-title\">\n                        <div class=\"use-title-left\">\n                            <input class=\"use-ipt use-title-left-1\" placeholder=\"乔小堂\" type=\"text\"><br>\n                            <input class=\"use-ipt use-title-left-2\" placeholder=\"求职意向：农艺师（销售推广）\" type=\"text\"><br>\n                            <input class=\"use-ipt use-title-left-3\" placeholder=\"上海乔布区乔东路123弄67号\" type=\"text\"><br>\n                            <input class=\"use-ipt use-title-left-3\" placeholder=\"service@qiaobutang.com\" type=\"text\"><br>\n                            <input class=\"use-ipt use-title-left-3\" placeholder=\"(+86)138-0013-8000\" type=\"text\"><br>\n                        </div>\n                        <div class=\"use-title-right\">\n                            <label for=\"use-img\">请上传1寸证件照</label>\n                            <input class=\"jianli-ipt\" id=\"use-img\" type=\"file\">\n                        </div>\n                    </div>\n                    <!-- //use-content -->\n                    <div class=\"use-content\">\n                        <div class=\"use-content-div\">\n                            <input class=\"use-content-title\" placeholder=\"教育背景\" type=\"text\">\n                            <div class=\"use-content-with\">\n                                <div class=\"use-content-1\">\n                                    <input class=\"use-ipt use-content-ipt use-content-ipt-1\" placeholder=\"2011.09-2014.06\" type=\"text\">\n                                    <input class=\"use-ipt use-content-ipt use-content-ipt-2\" placeholder=\"乔布大学\" type=\"text\">\n                                    <input class=\"use-ipt use-content-ipt use-content-ipt-2\" placeholder=\"园林专业\" type=\"text\">\n                                    <input class=\"use-ipt use-content-ipt use-content-ipt-2\" placeholder=\"大专\" type=\"text\">\n                                </div>\n                                <div class=\"use-content-2\">\n                                    <textarea class=\"use-text\" rows=\"5\" cols=\"20\">- 大学课程奖学金三等奖（2013.11）\n                                    </textarea>\n                                </div>\n                            </div>\n                        </div>\n\n                        <div class=\"use-content-div\">\n                            <input class=\"use-content-title\" placeholder=\"销售经历\" type=\"text\">\n                            <div class=\"use-content-with\">\n                                <div class=\"use-content-1\">\n                                    <input class=\"use-ipt use-content-ipt use-content-ipt-1\" placeholder=\"2012.06-2013.09\" type=\"text\">\n                                    <input class=\"use-ipt use-content-ipt use-content-ipt-2\" placeholder=\"乔布农业技术公司\" type=\"text\">\n                                    <input class=\"use-ipt use-content-ipt use-content-ipt-2\" placeholder=\"\" type=\"text\">\n                                    <input class=\"use-ipt use-content-ipt use-content-ipt-2\" placeholder=\"销售推广员\" type=\"text\">\n                                </div>\n                                <div class=\"use-content-2\">\n                                        <textarea class=\"use-text\" rows=\"5\" cols=\"20\" wrap=\"hard\">- 下乡到农户家中调查水稻病毒，并推广公司产品（肥料)\n                                        </textarea>\n                                </div>\n                            </div>\n                        </div>\n\n                        <div class=\"use-content-div\">\n                            <input class=\"use-content-title\" placeholder=\"农业相关经历\" type=\"text\">\n                            <!-- 含有标题即 input 框-->\n                            <div class=\"use-content-with\">\n                                <div class=\"use-content-1\">\n                                    <input class=\"use-ipt use-content-ipt use-content-ipt-1\" placeholder=\"2011.11-2011.12\" type=\"text\">\n                                    <input class=\"use-ipt use-content-ipt use-content-ipt-2\" placeholder=\"乔布群芳园艺铺有限公司\" type=\"text\">\n                                    <input class=\"use-ipt use-content-ipt use-content-ipt-2\" placeholder=\"\" type=\"text\">\n                                    <input class=\"use-ipt use-content-ipt use-content-ipt-2\" placeholder=\"培育技术员助理\" type=\"text\">\n                                </div>\n                                <div class=\"use-content-2\">\n                                        <textarea class=\"use-text\" rows=\"3\" cols=\"20\">- 协助技术员进行植物组织培养工作，主要关于花药培养和报春器官培养，报春已实现用叶柄培养出植物\n                                        </textarea>\n                                </div>\n                            </div>\n                        </div>\n                        <div class=\"use-content-div\">\n                            <input class=\"use-content-title\" placeholder=\"技能证书\" type=\"text\">\n                            <div class=\"use-content-nowith\">\n                                <div class=\"use-content-2\">\n                                        <textarea class=\"use-text\" rows=\"3\" cols=\"20\">中级植保工证书\n                                        </textarea>\n                                </div>\n                            </div>\n                        </div>\n                        <div class=\"use-content-div\">\n                            <input class=\"use-content-title\" placeholder=\"兴趣爱好\" type=\"text\">\n                            <!-- 不含有标题即 input 框-->\n                            <div class=\"use-content-nowith\">\n                                <div class=\"use-content-2\">\n                                        <textarea class=\"use-text\" rows=\"3\" cols=\"20\">阅读，浏览新闻                                        </textarea>\n                                </div>\n                            </div>\n                        </div>\n\n                    </div>\n                    <!-- use-content// -->\n                </div>\n\n            ', '1433072936');
INSERT INTO `cs_muban_save` VALUES ('6', '9', '2', 'web前端简历模板', '\n                <div class=\"use\">\n                    <div class=\"use-title\">\n                        <div class=\"use-title-left\">\n                            <input class=\"use-ipt use-title-left-1\" placeholder=\"乔小堂\" type=\"text\"><br>\n                            <input class=\"use-ipt use-title-left-2\" placeholder=\"求职意向：农艺师（销售推广）\" type=\"text\"><br>\n                            <input class=\"use-ipt use-title-left-3\" placeholder=\"上海乔布区乔东路123弄67号\" type=\"text\"><br>\n                            <input class=\"use-ipt use-title-left-3\" placeholder=\"service@qiaobutang.com\" type=\"text\"><br>\n                            <input class=\"use-ipt use-title-left-3\" placeholder=\"(+86)138-0013-8000\" type=\"text\"><br>\n                        </div>\n                        <div class=\"use-title-right\">\n                            <label for=\"use-img\">请上传1寸证件照</label>\n                            <input class=\"jianli-ipt\" id=\"use-img\" type=\"file\">\n                        </div>\n                    </div>\n                    <!-- //use-content -->\n                    <div class=\"use-content\">\n                        <div class=\"use-content-div\">\n                            <input class=\"use-content-title\" placeholder=\"教育背景\" type=\"text\">\n                            <div class=\"use-content-with\">\n                                <div class=\"use-content-1\">\n                                    <input class=\"use-ipt use-content-ipt use-content-ipt-1\" placeholder=\"2011.09-2014.06\" type=\"text\">\n                                    <input class=\"use-ipt use-content-ipt use-content-ipt-2\" placeholder=\"乔布大学\" type=\"text\">\n                                    <input class=\"use-ipt use-content-ipt use-content-ipt-2\" placeholder=\"园林专业\" type=\"text\">\n                                    <input class=\"use-ipt use-content-ipt use-content-ipt-2\" placeholder=\"大专\" type=\"text\">\n                                </div>\n                                <div class=\"use-content-2\">\n                                    <textarea class=\"use-text\" rows=\"5\" cols=\"20\">- 大学课程奖学金三等奖（2013.11）\n                                    </textarea>\n                                </div>\n                            </div>\n                        </div>\n\n                        <div class=\"use-content-div\">\n                            <input class=\"use-content-title\" placeholder=\"销售经历\" type=\"text\">\n                            <div class=\"use-content-with\">\n                                <div class=\"use-content-1\">\n                                    <input class=\"use-ipt use-content-ipt use-content-ipt-1\" placeholder=\"2012.06-2013.09\" type=\"text\">\n                                    <input class=\"use-ipt use-content-ipt use-content-ipt-2\" placeholder=\"乔布农业技术公司\" type=\"text\">\n                                    <input class=\"use-ipt use-content-ipt use-content-ipt-2\" placeholder=\"\" type=\"text\">\n                                    <input class=\"use-ipt use-content-ipt use-content-ipt-2\" placeholder=\"销售推广员\" type=\"text\">\n                                </div>\n                                <div class=\"use-content-2\">\n                                        <textarea class=\"use-text\" rows=\"5\" cols=\"20\" wrap=\"hard\">- 下乡到农户家中调查水稻病毒，并推广公司产品（肥料)\n                                        </textarea>\n                                </div>\n                            </div>\n                        </div>\n\n                        <div class=\"use-content-div\">\n                            <input class=\"use-content-title\" placeholder=\"农业相关经历\" type=\"text\">\n                            <!-- 含有标题即 input 框-->\n                            <div class=\"use-content-with\">\n                                <div class=\"use-content-1\">\n                                    <input class=\"use-ipt use-content-ipt use-content-ipt-1\" placeholder=\"2011.11-2011.12\" type=\"text\">\n                                    <input class=\"use-ipt use-content-ipt use-content-ipt-2\" placeholder=\"乔布群芳园艺铺有限公司\" type=\"text\">\n                                    <input class=\"use-ipt use-content-ipt use-content-ipt-2\" placeholder=\"\" type=\"text\">\n                                    <input class=\"use-ipt use-content-ipt use-content-ipt-2\" placeholder=\"培育技术员助理\" type=\"text\">\n                                </div>\n                                <div class=\"use-content-2\">\n                                        <textarea class=\"use-text\" rows=\"3\" cols=\"20\">- 协助技术员进行植物组织培养工作，主要关于花药培养和报春器官培养，报春已实现用叶柄培养出植物\n                                        </textarea>\n                                </div>\n                            </div>\n                        </div>\n                        <div class=\"use-content-div\">\n                            <input class=\"use-content-title\" placeholder=\"技能证书\" type=\"text\">\n                            <div class=\"use-content-nowith\">\n                                <div class=\"use-content-2\">\n                                        <textarea class=\"use-text\" rows=\"3\" cols=\"20\">中级植保工证书\n                                        </textarea>\n                                </div>\n                            </div>\n                        </div>\n                        <div class=\"use-content-div\">\n                            <input class=\"use-content-title\" placeholder=\"兴趣爱好\" type=\"text\">\n                            <!-- 不含有标题即 input 框-->\n                            <div class=\"use-content-nowith\">\n                                <div class=\"use-content-2\">\n                                        <textarea class=\"use-text\" rows=\"3\" cols=\"20\">阅读，浏览新闻                                        </textarea>\n                                </div>\n                            </div>\n                        </div>\n\n                    </div>\n                    <!-- use-content// -->\n                </div>\n\n            ', '1433072947');
INSERT INTO `cs_muban_save` VALUES ('7', '9', '2', 'web前端简历模板', '\n                <div class=\"use\">\n                    <div class=\"use-title\">\n                        <div class=\"use-title-left\">\n                            <input class=\"use-ipt use-title-left-1\" placeholder=\"乔小堂\" type=\"text\"><br>\n                            <input class=\"use-ipt use-title-left-2\" placeholder=\"求职意向：农艺师（销售推广）\" type=\"text\"><br>\n                            <input class=\"use-ipt use-title-left-3\" placeholder=\"上海乔布区乔东路123弄67号\" type=\"text\"><br>\n                            <input class=\"use-ipt use-title-left-3\" placeholder=\"service@qiaobutang.com\" type=\"text\"><br>\n                            <input class=\"use-ipt use-title-left-3\" placeholder=\"(+86)138-0013-8000\" type=\"text\"><br>\n                        </div>\n                        <div class=\"use-title-right\">\n                            <label for=\"use-img\">请上传1寸证件照</label>\n                            <input class=\"jianli-ipt\" id=\"use-img\" type=\"file\">\n                        </div>\n                    </div>\n                    <!-- //use-content -->\n                    <div class=\"use-content\">\n                        <div class=\"use-content-div\">\n                            <input class=\"use-content-title\" placeholder=\"教育背景\" type=\"text\">\n                            <div class=\"use-content-with\">\n                                <div class=\"use-content-1\">\n                                    <input class=\"use-ipt use-content-ipt use-content-ipt-1\" placeholder=\"2011.09-2014.06\" type=\"text\">\n                                    <input class=\"use-ipt use-content-ipt use-content-ipt-2\" placeholder=\"乔布大学\" type=\"text\">\n                                    <input class=\"use-ipt use-content-ipt use-content-ipt-2\" placeholder=\"园林专业\" type=\"text\">\n                                    <input class=\"use-ipt use-content-ipt use-content-ipt-2\" placeholder=\"大专\" type=\"text\">\n                                </div>\n                                <div class=\"use-content-2\">\n                                    <textarea class=\"use-text\" rows=\"5\" cols=\"20\">- 大学课程奖学金三等奖（2013.11）\n                                    </textarea>\n                                </div>\n                            </div>\n                        </div>\n\n                        <div class=\"use-content-div\">\n                            <input class=\"use-content-title\" placeholder=\"销售经历\" type=\"text\">\n                            <div class=\"use-content-with\">\n                                <div class=\"use-content-1\">\n                                    <input class=\"use-ipt use-content-ipt use-content-ipt-1\" placeholder=\"2012.06-2013.09\" type=\"text\">\n                                    <input class=\"use-ipt use-content-ipt use-content-ipt-2\" placeholder=\"乔布农业技术公司\" type=\"text\">\n                                    <input class=\"use-ipt use-content-ipt use-content-ipt-2\" placeholder=\"\" type=\"text\">\n                                    <input class=\"use-ipt use-content-ipt use-content-ipt-2\" placeholder=\"销售推广员\" type=\"text\">\n                                </div>\n                                <div class=\"use-content-2\">\n                                        <textarea class=\"use-text\" rows=\"5\" cols=\"20\" wrap=\"hard\">- 下乡到农户家中调查水稻病毒，并推广公司产品（肥料)\n                                        </textarea>\n                                </div>\n                            </div>\n                        </div>\n\n                        <div class=\"use-content-div\">\n                            <input class=\"use-content-title\" placeholder=\"农业相关经历\" type=\"text\">\n                            <!-- 含有标题即 input 框-->\n                            <div class=\"use-content-with\">\n                                <div class=\"use-content-1\">\n                                    <input class=\"use-ipt use-content-ipt use-content-ipt-1\" placeholder=\"2011.11-2011.12\" type=\"text\">\n                                    <input class=\"use-ipt use-content-ipt use-content-ipt-2\" placeholder=\"乔布群芳园艺铺有限公司\" type=\"text\">\n                                    <input class=\"use-ipt use-content-ipt use-content-ipt-2\" placeholder=\"\" type=\"text\">\n                                    <input class=\"use-ipt use-content-ipt use-content-ipt-2\" placeholder=\"培育技术员助理\" type=\"text\">\n                                </div>\n                                <div class=\"use-content-2\">\n                                        <textarea class=\"use-text\" rows=\"3\" cols=\"20\">- 协助技术员进行植物组织培养工作，主要关于花药培养和报春器官培养，报春已实现用叶柄培养出植物\n                                        </textarea>\n                                </div>\n                            </div>\n                        </div>\n                        <div class=\"use-content-div\">\n                            <input class=\"use-content-title\" placeholder=\"技能证书\" type=\"text\">\n                            <div class=\"use-content-nowith\">\n                                <div class=\"use-content-2\">\n                                        <textarea class=\"use-text\" rows=\"3\" cols=\"20\">中级植保工证书\n                                        </textarea>\n                                </div>\n                            </div>\n                        </div>\n                        <div class=\"use-content-div\">\n                            <input class=\"use-content-title\" placeholder=\"兴趣爱好\" type=\"text\">\n                            <!-- 不含有标题即 input 框-->\n                            <div class=\"use-content-nowith\">\n                                <div class=\"use-content-2\">\n                                        <textarea class=\"use-text\" rows=\"3\" cols=\"20\">阅读，浏览新闻                                        </textarea>\n                                </div>\n                            </div>\n                        </div>\n\n                    </div>\n                    <!-- use-content// -->\n                </div>\n\n            ', '1433072985');
INSERT INTO `cs_muban_save` VALUES ('8', '9', '2', 'web前端简历模板', '\n                <div class=\"use\">\n                    <div class=\"use-title\">\n                        <div class=\"use-title-left\">\n                            <input class=\"use-ipt use-title-left-1\" placeholder=\"乔小堂\" type=\"text\"><br>\n                            <input class=\"use-ipt use-title-left-2\" placeholder=\"求职意向：农艺师（销售推广）\" type=\"text\"><br>\n                            <input class=\"use-ipt use-title-left-3\" placeholder=\"上海乔布区乔东路123弄67号\" type=\"text\"><br>\n                            <input class=\"use-ipt use-title-left-3\" placeholder=\"service@qiaobutang.com\" type=\"text\"><br>\n                            <input class=\"use-ipt use-title-left-3\" placeholder=\"(+86)138-0013-8000\" type=\"text\"><br>\n                        </div>\n                        <div class=\"use-title-right\">\n                            <label for=\"use-img\">请上传1寸证件照</label>\n                            <input class=\"jianli-ipt\" id=\"use-img\" type=\"file\">\n                        </div>\n                    </div>\n                    <!-- //use-content -->\n                    <div class=\"use-content\">\n                        <div class=\"use-content-div\">\n                            <input class=\"use-content-title\" placeholder=\"教育背景\" type=\"text\">\n                            <div class=\"use-content-with\">\n                                <div class=\"use-content-1\">\n                                    <input class=\"use-ipt use-content-ipt use-content-ipt-1\" placeholder=\"2011.09-2014.06\" type=\"text\">\n                                    <input class=\"use-ipt use-content-ipt use-content-ipt-2\" placeholder=\"乔布大学\" type=\"text\">\n                                    <input class=\"use-ipt use-content-ipt use-content-ipt-2\" placeholder=\"园林专业\" type=\"text\">\n                                    <input class=\"use-ipt use-content-ipt use-content-ipt-2\" placeholder=\"大专\" type=\"text\">\n                                </div>\n                                <div class=\"use-content-2\">\n                                    <textarea class=\"use-text\" rows=\"5\" cols=\"20\">- 大学课程奖学金三等奖（2013.11）\n                                    </textarea>\n                                </div>\n                            </div>\n                        </div>\n\n                        <div class=\"use-content-div\">\n                            <input class=\"use-content-title\" placeholder=\"销售经历\" type=\"text\">\n                            <div class=\"use-content-with\">\n                                <div class=\"use-content-1\">\n                                    <input class=\"use-ipt use-content-ipt use-content-ipt-1\" placeholder=\"2012.06-2013.09\" type=\"text\">\n                                    <input class=\"use-ipt use-content-ipt use-content-ipt-2\" placeholder=\"乔布农业技术公司\" type=\"text\">\n                                    <input class=\"use-ipt use-content-ipt use-content-ipt-2\" placeholder=\"\" type=\"text\">\n                                    <input class=\"use-ipt use-content-ipt use-content-ipt-2\" placeholder=\"销售推广员\" type=\"text\">\n                                </div>\n                                <div class=\"use-content-2\">\n                                        <textarea class=\"use-text\" rows=\"5\" cols=\"20\" wrap=\"hard\">- 下乡到农户家中调查水稻病毒，并推广公司产品（肥料)\n                                        </textarea>\n                                </div>\n                            </div>\n                        </div>\n\n                        <div class=\"use-content-div\">\n                            <input class=\"use-content-title\" placeholder=\"农业相关经历\" type=\"text\">\n                            <!-- 含有标题即 input 框-->\n                            <div class=\"use-content-with\">\n                                <div class=\"use-content-1\">\n                                    <input class=\"use-ipt use-content-ipt use-content-ipt-1\" placeholder=\"2011.11-2011.12\" type=\"text\">\n                                    <input class=\"use-ipt use-content-ipt use-content-ipt-2\" placeholder=\"乔布群芳园艺铺有限公司\" type=\"text\">\n                                    <input class=\"use-ipt use-content-ipt use-content-ipt-2\" placeholder=\"\" type=\"text\">\n                                    <input class=\"use-ipt use-content-ipt use-content-ipt-2\" placeholder=\"培育技术员助理\" type=\"text\">\n                                </div>\n                                <div class=\"use-content-2\">\n                                        <textarea class=\"use-text\" rows=\"3\" cols=\"20\">- 协助技术员进行植物组织培养工作，主要关于花药培养和报春器官培养，报春已实现用叶柄培养出植物\n                                        </textarea>\n                                </div>\n                            </div>\n                        </div>\n                        <div class=\"use-content-div\">\n                            <input class=\"use-content-title\" placeholder=\"技能证书\" type=\"text\">\n                            <div class=\"use-content-nowith\">\n                                <div class=\"use-content-2\">\n                                        <textarea class=\"use-text\" rows=\"3\" cols=\"20\">中级植保工证书\n                                        </textarea>\n                                </div>\n                            </div>\n                        </div>\n                        <div class=\"use-content-div\">\n                            <input class=\"use-content-title\" placeholder=\"兴趣爱好\" type=\"text\">\n                            <!-- 不含有标题即 input 框-->\n                            <div class=\"use-content-nowith\">\n                                <div class=\"use-content-2\">\n                                        <textarea class=\"use-text\" rows=\"3\" cols=\"20\">阅读，浏览新闻                                        </textarea>\n                                </div>\n                            </div>\n                        </div>\n\n                    </div>\n                    <!-- use-content// -->\n                </div>\n\n            ', '1433072990');
INSERT INTO `cs_muban_save` VALUES ('9', '9', '2', 'web前端简历模板', '\n                <div class=\"use\">\n                    <div class=\"use-title\">\n                        <div class=\"use-title-left\">\n                            <input class=\"use-ipt use-title-left-1\" placeholder=\"乔小堂\" type=\"text\"><br>\n                            <input class=\"use-ipt use-title-left-2\" placeholder=\"求职意向：农艺师（销售推广）\" type=\"text\"><br>\n                            <input class=\"use-ipt use-title-left-3\" placeholder=\"上海乔布区乔东路123弄67号\" type=\"text\"><br>\n                            <input class=\"use-ipt use-title-left-3\" placeholder=\"service@qiaobutang.com\" type=\"text\"><br>\n                            <input class=\"use-ipt use-title-left-3\" placeholder=\"(+86)138-0013-8000\" type=\"text\"><br>\n                        </div>\n                        <div class=\"use-title-right\">\n                            <label for=\"use-img\">请上传1寸证件照</label>\n                            <input class=\"jianli-ipt\" id=\"use-img\" type=\"file\">\n                        </div>\n                    </div>\n                    <!-- //use-content -->\n                    <div class=\"use-content\">\n                        <div class=\"use-content-div\">\n                            <input class=\"use-content-title\" placeholder=\"教育背景\" type=\"text\">\n                            <div class=\"use-content-with\">\n                                <div class=\"use-content-1\">\n                                    <input class=\"use-ipt use-content-ipt use-content-ipt-1\" placeholder=\"2011.09-2014.06\" type=\"text\">\n                                    <input class=\"use-ipt use-content-ipt use-content-ipt-2\" placeholder=\"乔布大学\" type=\"text\">\n                                    <input class=\"use-ipt use-content-ipt use-content-ipt-2\" placeholder=\"园林专业\" type=\"text\">\n                                    <input class=\"use-ipt use-content-ipt use-content-ipt-2\" placeholder=\"大专\" type=\"text\">\n                                </div>\n                                <div class=\"use-content-2\">\n                                    <textarea class=\"use-text\" rows=\"5\" cols=\"20\">- 大学课程奖学金三等奖（2013.11）\n                                    </textarea>\n                                </div>\n                            </div>\n                        </div>\n\n                        <div class=\"use-content-div\">\n                            <input class=\"use-content-title\" placeholder=\"销售经历\" type=\"text\">\n                            <div class=\"use-content-with\">\n                                <div class=\"use-content-1\">\n                                    <input class=\"use-ipt use-content-ipt use-content-ipt-1\" placeholder=\"2012.06-2013.09\" type=\"text\">\n                                    <input class=\"use-ipt use-content-ipt use-content-ipt-2\" placeholder=\"乔布农业技术公司\" type=\"text\">\n                                    <input class=\"use-ipt use-content-ipt use-content-ipt-2\" placeholder=\"\" type=\"text\">\n                                    <input class=\"use-ipt use-content-ipt use-content-ipt-2\" placeholder=\"销售推广员\" type=\"text\">\n                                </div>\n                                <div class=\"use-content-2\">\n                                        <textarea class=\"use-text\" rows=\"5\" cols=\"20\" wrap=\"hard\">- 下乡到农户家中调查水稻病毒，并推广公司产品（肥料)\n                                        </textarea>\n                                </div>\n                            </div>\n                        </div>\n\n                        <div class=\"use-content-div\">\n                            <input class=\"use-content-title\" placeholder=\"农业相关经历\" type=\"text\">\n                            <!-- 含有标题即 input 框-->\n                            <div class=\"use-content-with\">\n                                <div class=\"use-content-1\">\n                                    <input class=\"use-ipt use-content-ipt use-content-ipt-1\" placeholder=\"2011.11-2011.12\" type=\"text\">\n                                    <input class=\"use-ipt use-content-ipt use-content-ipt-2\" placeholder=\"乔布群芳园艺铺有限公司\" type=\"text\">\n                                    <input class=\"use-ipt use-content-ipt use-content-ipt-2\" placeholder=\"\" type=\"text\">\n                                    <input class=\"use-ipt use-content-ipt use-content-ipt-2\" placeholder=\"培育技术员助理\" type=\"text\">\n                                </div>\n                                <div class=\"use-content-2\">\n                                        <textarea class=\"use-text\" rows=\"3\" cols=\"20\">- 协助技术员进行植物组织培养工作，主要关于花药培养和报春器官培养，报春已实现用叶柄培养出植物\n                                        </textarea>\n                                </div>\n                            </div>\n                        </div>\n                        <div class=\"use-content-div\">\n                            <input class=\"use-content-title\" placeholder=\"技能证书\" type=\"text\">\n                            <div class=\"use-content-nowith\">\n                                <div class=\"use-content-2\">\n                                        <textarea class=\"use-text\" rows=\"3\" cols=\"20\">中级植保工证书\n                                        </textarea>\n                                </div>\n                            </div>\n                        </div>\n                        <div class=\"use-content-div\">\n                            <input class=\"use-content-title\" placeholder=\"兴趣爱好\" type=\"text\">\n                            <!-- 不含有标题即 input 框-->\n                            <div class=\"use-content-nowith\">\n                                <div class=\"use-content-2\">\n                                        <textarea class=\"use-text\" rows=\"3\" cols=\"20\">阅读，浏览新闻                                        </textarea>\n                                </div>\n                            </div>\n                        </div>\n\n                    </div>\n                    <!-- use-content// -->\n                </div>\n\n            ', '1433073179');
INSERT INTO `cs_muban_save` VALUES ('10', '9', '1', '农艺师（销售推广）英文简历模板（应届生初级岗位）', '\n                <div class=\"use\">\n                    <div class=\"use-title\">\n                        <div class=\"use-title-left\">\n                            <input class=\"use-ipt use-title-left-1\" placeholder=\"乔小堂\" type=\"text\"><br>\n                            <input class=\"use-ipt use-title-left-2\" placeholder=\"求职意向：农艺师（销售推广）\" type=\"text\"><br>\n                            <input class=\"use-ipt use-title-left-3\" placeholder=\"上海乔布区乔东路123弄67号\" type=\"text\"><br>\n                            <input class=\"use-ipt use-title-left-3\" placeholder=\"service@qiaobutang.com\" type=\"text\"><br>\n                            <input class=\"use-ipt use-title-left-3\" placeholder=\"(+86)138-0013-8000\" type=\"text\"><br>\n                        </div>\n                        <div class=\"use-title-right\">\n                            <label for=\"use-img\">请上传1寸证件照</label>\n                            <input class=\"jianli-ipt\" id=\"use-img\" type=\"file\">\n                        </div>\n                    </div>\n                    <!-- //use-content -->\n                    <div class=\"use-content\">\n                        <div class=\"use-content-div\">\n                            <input class=\"use-content-title\" placeholder=\"教育背景\" type=\"text\">\n                            <div class=\"use-content-with\">\n                                <div class=\"use-content-1\">\n                                    <input class=\"use-ipt use-content-ipt use-content-ipt-1\" placeholder=\"2011.09-2014.06\" type=\"text\">\n                                    <input class=\"use-ipt use-content-ipt use-content-ipt-2\" placeholder=\"乔布大学\" type=\"text\">\n                                    <input class=\"use-ipt use-content-ipt use-content-ipt-2\" placeholder=\"园林专业\" type=\"text\">\n                                    <input class=\"use-ipt use-content-ipt use-content-ipt-2\" placeholder=\"大专\" type=\"text\">\n                                </div>\n                                <div class=\"use-content-2\">\n                                    <textarea class=\"use-text\" rows=\"5\" cols=\"20\">- 大学课程奖学金三等奖（2013.11）\n                                    </textarea>\n                                </div>\n                            </div>\n                        </div>\n\n                        <div class=\"use-content-div\">\n                            <input class=\"use-content-title\" placeholder=\"销售经历\" type=\"text\">\n                            <div class=\"use-content-with\">\n                                <div class=\"use-content-1\">\n                                    <input class=\"use-ipt use-content-ipt use-content-ipt-1\" placeholder=\"2012.06-2013.09\" type=\"text\">\n                                    <input class=\"use-ipt use-content-ipt use-content-ipt-2\" placeholder=\"乔布农业技术公司\" type=\"text\">\n                                    <input class=\"use-ipt use-content-ipt use-content-ipt-2\" placeholder=\"\" type=\"text\">\n                                    <input class=\"use-ipt use-content-ipt use-content-ipt-2\" placeholder=\"销售推广员\" type=\"text\">\n                                </div>\n                                <div class=\"use-content-2\">\n                                        <textarea class=\"use-text\" rows=\"5\" cols=\"20\" wrap=\"hard\">- 下乡到农户家中调查水稻病毒，并推广公司产品（肥料)\n                                        </textarea>\n                                </div>\n                            </div>\n                        </div>\n\n                        <div class=\"use-content-div\">\n                            <input class=\"use-content-title\" placeholder=\"农业相关经历\" type=\"text\">\n                            <!-- 含有标题即 input 框-->\n                            <div class=\"use-content-with\">\n                                <div class=\"use-content-1\">\n                                    <input class=\"use-ipt use-content-ipt use-content-ipt-1\" placeholder=\"2011.11-2011.12\" type=\"text\">\n                                    <input class=\"use-ipt use-content-ipt use-content-ipt-2\" placeholder=\"乔布群芳园艺铺有限公司\" type=\"text\">\n                                    <input class=\"use-ipt use-content-ipt use-content-ipt-2\" placeholder=\"\" type=\"text\">\n                                    <input class=\"use-ipt use-content-ipt use-content-ipt-2\" placeholder=\"培育技术员助理\" type=\"text\">\n                                </div>\n                                <div class=\"use-content-2\">\n                                        <textarea class=\"use-text\" rows=\"3\" cols=\"20\">- 协助技术员进行植物组织培养工作，主要关于花药培养和报春器官培养，报春已实现用叶柄培养出植物\n                                        </textarea>\n                                </div>\n                            </div>\n                        </div>\n                        <div class=\"use-content-div\">\n                            <input class=\"use-content-title\" placeholder=\"技能证书\" type=\"text\">\n                            <div class=\"use-content-nowith\">\n                                <div class=\"use-content-2\">\n                                        <textarea class=\"use-text\" rows=\"3\" cols=\"20\">中级植保工证书\n                                        </textarea>\n                                </div>\n                            </div>\n                        </div>\n                        <div class=\"use-content-div\">\n                            <input class=\"use-content-title\" placeholder=\"兴趣爱好\" type=\"text\">\n                            <!-- 不含有标题即 input 框-->\n                            <div class=\"use-content-nowith\">\n                                <div class=\"use-content-2\">\n                                        <textarea class=\"use-text\" rows=\"3\" cols=\"20\">阅读，浏览新闻                                        </textarea>\n                                </div>\n                            </div>\n                        </div>\n\n                    </div>\n                    <!-- use-content// -->\n                </div>\n\n            ', '1433073224');
INSERT INTO `cs_muban_save` VALUES ('11', '0', '0', '农艺师（销售推广）英文简历模板（应届生初级岗位）', '\n                <div class=\"use\">\n                    <div class=\"use-title\">\n                        <div class=\"use-title-left\">\n                            <input class=\"use-ipt use-title-left-1\" placeholder=\"乔小堂\" type=\"text\"><br>\n                            <input class=\"use-ipt use-title-left-2\" placeholder=\"求职意向：农艺师（销售推广）\" type=\"text\"><br>\n                            <input class=\"use-ipt use-title-left-3\" placeholder=\"上海乔布区乔东路123弄67号\" type=\"text\"><br>\n                            <input class=\"use-ipt use-title-left-3\" placeholder=\"service@qiaobutang.com\" type=\"text\"><br>\n                            <input class=\"use-ipt use-title-left-3\" placeholder=\"(+86)138-0013-8000\" type=\"text\"><br>\n                        </div>\n                        <div class=\"use-title-right\">\n                            <label for=\"use-img\">请上传1寸证件照</label>\n                            <input class=\"jianli-ipt\" id=\"use-img\" type=\"file\">\n                        </div>\n                    </div>\n                    <!-- //use-content -->\n                    <div class=\"use-content\">\n                        <div class=\"use-content-div\">\n                            <input class=\"use-content-title\" placeholder=\"教育背景\" type=\"text\">\n                            <div class=\"use-content-with\">\n                                <div class=\"use-content-1\">\n                                    <input class=\"use-ipt use-content-ipt use-content-ipt-1\" placeholder=\"2011.09-2014.06\" type=\"text\">\n                                    <input class=\"use-ipt use-content-ipt use-content-ipt-2\" placeholder=\"乔布大学\" type=\"text\">\n                                    <input class=\"use-ipt use-content-ipt use-content-ipt-2\" placeholder=\"园林专业\" type=\"text\">\n                                    <input class=\"use-ipt use-content-ipt use-content-ipt-2\" placeholder=\"大专\" type=\"text\">\n                                </div>\n                                <div class=\"use-content-2\">\n                                    <textarea class=\"use-text\" rows=\"5\" cols=\"20\">- 大学课程奖学金三等奖（2013.11）\n                                    </textarea>\n                                </div>\n                            </div>\n                        </div>\n\n                        <div class=\"use-content-div\">\n                            <input class=\"use-content-title\" placeholder=\"销售经历\" type=\"text\">\n                            <div class=\"use-content-with\">\n                                <div class=\"use-content-1\">\n                                    <input class=\"use-ipt use-content-ipt use-content-ipt-1\" placeholder=\"2012.06-2013.09\" type=\"text\">\n                                    <input class=\"use-ipt use-content-ipt use-content-ipt-2\" placeholder=\"乔布农业技术公司\" type=\"text\">\n                                    <input class=\"use-ipt use-content-ipt use-content-ipt-2\" placeholder=\"\" type=\"text\">\n                                    <input class=\"use-ipt use-content-ipt use-content-ipt-2\" placeholder=\"销售推广员\" type=\"text\">\n                                </div>\n                                <div class=\"use-content-2\">\n                                        <textarea class=\"use-text\" rows=\"5\" cols=\"20\" wrap=\"hard\">- 下乡到农户家中调查水稻病毒，并推广公司产品（肥料)\n                                        </textarea>\n                                </div>\n                            </div>\n                        </div>\n\n                        <div class=\"use-content-div\">\n                            <input class=\"use-content-title\" placeholder=\"农业相关经历\" type=\"text\">\n                            <!-- 含有标题即 input 框-->\n                            <div class=\"use-content-with\">\n                                <div class=\"use-content-1\">\n                                    <input class=\"use-ipt use-content-ipt use-content-ipt-1\" placeholder=\"2011.11-2011.12\" type=\"text\">\n                                    <input class=\"use-ipt use-content-ipt use-content-ipt-2\" placeholder=\"乔布群芳园艺铺有限公司\" type=\"text\">\n                                    <input class=\"use-ipt use-content-ipt use-content-ipt-2\" placeholder=\"\" type=\"text\">\n                                    <input class=\"use-ipt use-content-ipt use-content-ipt-2\" placeholder=\"培育技术员助理\" type=\"text\">\n                                </div>\n                                <div class=\"use-content-2\">\n                                        <textarea class=\"use-text\" rows=\"3\" cols=\"20\">- 协助技术员进行植物组织培养工作，主要关于花药培养和报春器官培养，报春已实现用叶柄培养出植物\n                                        </textarea>\n                                </div>\n                            </div>\n                        </div>\n                        <div class=\"use-content-div\">\n                            <input class=\"use-content-title\" placeholder=\"技能证书\" type=\"text\">\n                            <div class=\"use-content-nowith\">\n                                <div class=\"use-content-2\">\n                                        <textarea class=\"use-text\" rows=\"3\" cols=\"20\">中级植保工证书\n                                        </textarea>\n                                </div>\n                            </div>\n                        </div>\n                        <div class=\"use-content-div\">\n                            <input class=\"use-content-title\" placeholder=\"兴趣爱好\" type=\"text\">\n                            <!-- 不含有标题即 input 框-->\n                            <div class=\"use-content-nowith\">\n                                <div class=\"use-content-2\">\n                                        <textarea class=\"use-text\" rows=\"3\" cols=\"20\">阅读，浏览新闻                                        </textarea>\n                                </div>\n                            </div>\n                        </div>\n\n                    </div>\n                    <!-- use-content// -->\n                </div>\n\n            ', '1433073270');
INSERT INTO `cs_muban_save` VALUES ('12', '0', '0', '', '', '1433073780');
INSERT INTO `cs_muban_save` VALUES ('13', '0', '0', '', '', '1433073800');
INSERT INTO `cs_muban_save` VALUES ('14', '9', '1', '农艺师（销售推广）英文简历模板（应届生初级岗位）', '\n                <div class=\"use\">\n                    <div class=\"use-title\">\n                        <div class=\"use-title-left\">\n                            <input class=\"use-ipt use-title-left-1\" placeholder=\"乔小堂\" type=\"text\"><br>\n                            <input class=\"use-ipt use-title-left-2\" placeholder=\"求职意向：农艺师（销售推广）\" type=\"text\"><br>\n                            <input class=\"use-ipt use-title-left-3\" placeholder=\"上海乔布区乔东路123弄67号\" type=\"text\"><br>\n                            <input class=\"use-ipt use-title-left-3\" placeholder=\"service@qiaobutang.com\" type=\"text\"><br>\n                            <input class=\"use-ipt use-title-left-3\" placeholder=\"(+86)138-0013-8000\" type=\"text\"><br>\n                        </div>\n                        <div class=\"use-title-right\">\n                            <label for=\"use-img\">请上传1寸证件照</label>\n                            <input class=\"jianli-ipt\" id=\"use-img\" type=\"file\">\n                        </div>\n                    </div>\n                    <!-- //use-content -->\n                    <div class=\"use-content\">\n                        <div class=\"use-content-div\">\n                            <input class=\"use-content-title\" placeholder=\"教育背景\" type=\"text\">\n                            <div class=\"use-content-with\">\n                                <div class=\"use-content-1\">\n                                    <input class=\"use-ipt use-content-ipt use-content-ipt-1\" placeholder=\"2011.09-2014.06\" type=\"text\">\n                                    <input class=\"use-ipt use-content-ipt use-content-ipt-2\" placeholder=\"乔布大学\" type=\"text\">\n                                    <input class=\"use-ipt use-content-ipt use-content-ipt-2\" placeholder=\"园林专业\" type=\"text\">\n                                    <input class=\"use-ipt use-content-ipt use-content-ipt-2\" placeholder=\"大专\" type=\"text\">\n                                </div>\n                                <div class=\"use-content-2\">\n                                    <textarea class=\"use-text\" rows=\"5\" cols=\"20\">- 大学课程奖学金三等奖（2013.11）\n                                    </textarea>\n                                </div>\n                            </div>\n                        </div>\n\n                        <div class=\"use-content-div\">\n                            <input class=\"use-content-title\" placeholder=\"销售经历\" type=\"text\">\n                            <div class=\"use-content-with\">\n                                <div class=\"use-content-1\">\n                                    <input class=\"use-ipt use-content-ipt use-content-ipt-1\" placeholder=\"2012.06-2013.09\" type=\"text\">\n                                    <input class=\"use-ipt use-content-ipt use-content-ipt-2\" placeholder=\"乔布农业技术公司\" type=\"text\">\n                                    <input class=\"use-ipt use-content-ipt use-content-ipt-2\" placeholder=\"\" type=\"text\">\n                                    <input class=\"use-ipt use-content-ipt use-content-ipt-2\" placeholder=\"销售推广员\" type=\"text\">\n                                </div>\n                                <div class=\"use-content-2\">\n                                        <textarea class=\"use-text\" rows=\"5\" cols=\"20\" wrap=\"hard\">- 下乡到农户家中调查水稻病毒，并推广公司产品（肥料)\n                                        </textarea>\n                                </div>\n                            </div>\n                        </div>\n\n                        <div class=\"use-content-div\">\n                            <input class=\"use-content-title\" placeholder=\"农业相关经历\" type=\"text\">\n                            <!-- 含有标题即 input 框-->\n                            <div class=\"use-content-with\">\n                                <div class=\"use-content-1\">\n                                    <input class=\"use-ipt use-content-ipt use-content-ipt-1\" placeholder=\"2011.11-2011.12\" type=\"text\">\n                                    <input class=\"use-ipt use-content-ipt use-content-ipt-2\" placeholder=\"乔布群芳园艺铺有限公司\" type=\"text\">\n                                    <input class=\"use-ipt use-content-ipt use-content-ipt-2\" placeholder=\"\" type=\"text\">\n                                    <input class=\"use-ipt use-content-ipt use-content-ipt-2\" placeholder=\"培育技术员助理\" type=\"text\">\n                                </div>\n                                <div class=\"use-content-2\">\n                                        <textarea class=\"use-text\" rows=\"3\" cols=\"20\">- 协助技术员进行植物组织培养工作，主要关于花药培养和报春器官培养，报春已实现用叶柄培养出植物\n                                        </textarea>\n                                </div>\n                            </div>\n                        </div>\n                        <div class=\"use-content-div\">\n                            <input class=\"use-content-title\" placeholder=\"技能证书\" type=\"text\">\n                            <div class=\"use-content-nowith\">\n                                <div class=\"use-content-2\">\n                                        <textarea class=\"use-text\" rows=\"3\" cols=\"20\">中级植保工证书\n                                        </textarea>\n                                </div>\n                            </div>\n                        </div>\n                        <div class=\"use-content-div\">\n                            <input class=\"use-content-title\" placeholder=\"兴趣爱好\" type=\"text\">\n                            <!-- 不含有标题即 input 框-->\n                            <div class=\"use-content-nowith\">\n                                <div class=\"use-content-2\">\n                                        <textarea class=\"use-text\" rows=\"3\" cols=\"20\">阅读，浏览新闻                                        </textarea>\n                                </div>\n                            </div>\n                        </div>\n\n                    </div>\n                    <!-- use-content// -->\n                </div>\n\n            ', '1433074116');
INSERT INTO `cs_muban_save` VALUES ('15', '9', '1', '农艺师（销售推广）英文简历模板（应届生初级岗位）', '\n                <div class=\"use\">\n                    <div class=\"use-title\">\n                        <div class=\"use-title-left\">\n                            <input class=\"use-ipt use-title-left-1\" placeholder=\"乔小堂\" type=\"text\"><br>\n                            <input class=\"use-ipt use-title-left-2\" placeholder=\"求职意向：农艺师（销售推广）\" type=\"text\"><br>\n                            <input class=\"use-ipt use-title-left-3\" placeholder=\"上海乔布区乔东路123弄67号\" type=\"text\"><br>\n                            <input class=\"use-ipt use-title-left-3\" placeholder=\"service@qiaobutang.com\" type=\"text\"><br>\n                            <input class=\"use-ipt use-title-left-3\" placeholder=\"(+86)138-0013-8000\" type=\"text\"><br>\n                        </div>\n                        <div class=\"use-title-right\">\n                            <label for=\"use-img\">请上传1寸证件照</label>\n                            <input class=\"jianli-ipt\" id=\"use-img\" type=\"file\">\n                        </div>\n                    </div>\n                    <!-- //use-content -->\n                    <div class=\"use-content\">\n                        <div class=\"use-content-div\">\n                            <input class=\"use-content-title\" placeholder=\"教育背景\" type=\"text\">\n                            <div class=\"use-content-with\">\n                                <div class=\"use-content-1\">\n                                    <input class=\"use-ipt use-content-ipt use-content-ipt-1\" placeholder=\"2011.09-2014.06\" type=\"text\">\n                                    <input class=\"use-ipt use-content-ipt use-content-ipt-2\" placeholder=\"乔布大学\" type=\"text\">\n                                    <input class=\"use-ipt use-content-ipt use-content-ipt-2\" placeholder=\"园林专业\" type=\"text\">\n                                    <input class=\"use-ipt use-content-ipt use-content-ipt-2\" placeholder=\"大专\" type=\"text\">\n                                </div>\n                                <div class=\"use-content-2\">\n                                    <textarea class=\"use-text\" rows=\"5\" cols=\"20\">- 大学课程奖学金三等奖（2013.11）\n                                    </textarea>\n                                </div>\n                            </div>\n                        </div>\n\n                        <div class=\"use-content-div\">\n                            <input class=\"use-content-title\" placeholder=\"销售经历\" type=\"text\">\n                            <div class=\"use-content-with\">\n                                <div class=\"use-content-1\">\n                                    <input class=\"use-ipt use-content-ipt use-content-ipt-1\" placeholder=\"2012.06-2013.09\" type=\"text\">\n                                    <input class=\"use-ipt use-content-ipt use-content-ipt-2\" placeholder=\"乔布农业技术公司\" type=\"text\">\n                                    <input class=\"use-ipt use-content-ipt use-content-ipt-2\" placeholder=\"\" type=\"text\">\n                                    <input class=\"use-ipt use-content-ipt use-content-ipt-2\" placeholder=\"销售推广员\" type=\"text\">\n                                </div>\n                                <div class=\"use-content-2\">\n                                        <textarea class=\"use-text\" rows=\"5\" cols=\"20\" wrap=\"hard\">- 下乡到农户家中调查水稻病毒，并推广公司产品（肥料)\n                                        </textarea>\n                                </div>\n                            </div>\n                        </div>\n\n                        <div class=\"use-content-div\">\n                            <input class=\"use-content-title\" placeholder=\"农业相关经历\" type=\"text\">\n                            <!-- 含有标题即 input 框-->\n                            <div class=\"use-content-with\">\n                                <div class=\"use-content-1\">\n                                    <input class=\"use-ipt use-content-ipt use-content-ipt-1\" placeholder=\"2011.11-2011.12\" type=\"text\">\n                                    <input class=\"use-ipt use-content-ipt use-content-ipt-2\" placeholder=\"乔布群芳园艺铺有限公司\" type=\"text\">\n                                    <input class=\"use-ipt use-content-ipt use-content-ipt-2\" placeholder=\"\" type=\"text\">\n                                    <input class=\"use-ipt use-content-ipt use-content-ipt-2\" placeholder=\"培育技术员助理\" type=\"text\">\n                                </div>\n                                <div class=\"use-content-2\">\n                                        <textarea class=\"use-text\" rows=\"3\" cols=\"20\">- 协助技术员进行植物组织培养工作，主要关于花药培养和报春器官培养，报春已实现用叶柄培养出植物\n                                        </textarea>\n                                </div>\n                            </div>\n                        </div>\n                        <div class=\"use-content-div\">\n                            <input class=\"use-content-title\" placeholder=\"技能证书\" type=\"text\">\n                            <div class=\"use-content-nowith\">\n                                <div class=\"use-content-2\">\n                                        <textarea class=\"use-text\" rows=\"3\" cols=\"20\">中级植保工证书\n                                        </textarea>\n                                </div>\n                            </div>\n                        </div>\n                        <div class=\"use-content-div\">\n                            <input class=\"use-content-title\" placeholder=\"兴趣爱好\" type=\"text\">\n                            <!-- 不含有标题即 input 框-->\n                            <div class=\"use-content-nowith\">\n                                <div class=\"use-content-2\">\n                                        <textarea class=\"use-text\" rows=\"3\" cols=\"20\">阅读，浏览新闻                                        </textarea>\n                                </div>\n                            </div>\n                        </div>\n\n                    </div>\n                    <!-- use-content// -->\n                </div>\n\n            ', '1433074411');

-- ----------------------------
-- Table structure for cs_muban_type
-- ----------------------------
DROP TABLE IF EXISTS `cs_muban_type`;
CREATE TABLE `cs_muban_type` (
  `tid` int(11) NOT NULL AUTO_INCREMENT COMMENT '模板类型id',
  `tname` varchar(255) COLLATE utf8_unicode_ci NOT NULL COMMENT '模板类型名称',
  PRIMARY KEY (`tid`)
) ENGINE=MyISAM AUTO_INCREMENT=3 DEFAULT CHARSET=utf8 COLLATE=utf8_unicode_ci;

-- ----------------------------
-- Records of cs_muban_type
-- ----------------------------
INSERT INTO `cs_muban_type` VALUES ('1', '黑白简历模板');
INSERT INTO `cs_muban_type` VALUES ('2', '彩色简历模板');
